{
    "experiment": "Clustering_HPC_Memory",
    "timestamp": "2026-04-28T18:18:10.950398",
    "hpc_metrics": {
        "sequential_time": 0.3290395736694336,
        "parallel_time": 0.2831227779388428,
        "speedup": 1.1621798008089244,
        "efficiency": 0.08301284291492317,
        "cores_used": 14
    }
}