{
    "run_id": "run_20260428_171426",
    "metrics": {
        "0": {
            "precision": 1.0,
            "recall": 0.9994848901098901,
            "f1-score": 0.9997423787033062,
            "support": 5824.0
        },
        "1": {
            "precision": 0.9974533106960951,
            "recall": 1.0,
            "f1-score": 0.9987250318742031,
            "support": 1175.0
        },
        "accuracy": 0.9995713673381912,
        "macro avg": {
            "precision": 0.9987266553480476,
            "recall": 0.999742445054945,
            "f1-score": 0.9992337052887547,
            "support": 6999.0
        },
        "weighted avg": {
            "precision": 0.9995724589324063,
            "recall": 0.9995713673381912,
            "f1-score": 0.9995715853722308,
            "support": 6999.0
        }
    },
    "auc_roc": 0.9999945931727846,
    "hpc_train_time": 0.8934445381164551,
    "model_params": {
        "bootstrap": true,
        "ccp_alpha": 0.0,
        "class_weight": null,
        "criterion": "gini",
        "max_depth": 12,
        "max_features": "sqrt",
        "max_leaf_nodes": null,
        "max_samples": null,
        "min_impurity_decrease": 0.0,
        "min_samples_leaf": 1,
        "min_samples_split": 2,
        "min_weight_fraction_leaf": 0.0,
        "monotonic_cst": null,
        "n_estimators": 100,
        "n_jobs": -1,
        "oob_score": false,
        "random_state": 42,
        "verbose": 0,
        "warm_start": false
    }
}