{
    "schema_version": 2,
    "metadata": {
        "report_id": "REP-60df40b5",
        "timestamp": "2026-04-30 00:44:12",
        "model_name": "Random Forest Classifier",
        "parameters": {
            "n_estimators": 100,
            "max_depth": 12,
            "n_jobs": -1,
            "random_state": 42
        }
    },
    "dataset": {
        "total_rows": 58047,
        "class_distribution": {
            "0": 29231,
            "1": 28816
        },
        "train_size": 46437,
        "test_size": 11610
    },
    "hpc_performance": {
        "time_seq": 0.0043674129999971,
        "time_par": 1.5301669130000022,
        "speedup": 0.002854206925331089,
        "efficiency": 0.0007135517313327722,
        "num_workers": 4
    },
    "model_performance": {
        "train": {
            "accuracy": 0.9998707926868661,
            "precision": 1.0,
            "recall": 0.9997397301869605,
            "f1_score": 0.9998698481561822,
            "roc_auc": 0.9999999907247898
        },
        "test": {
            "accuracy": 0.9988802756244617,
            "precision": 0.9994788047255038,
            "recall": 0.9982647926427208,
            "f1_score": 0.9988714298116156,
            "roc_auc": 0.9998724339178167
        },
        "cv": {
            "cv_recall_mean": 0.9985685273026729,
            "cv_recall_std": 0.0005058329520177446,
            "cv_folds": 5
        }
    }
}