{
    "run_id": "run_20260428_184022",
    "metrics": {
        "0": {
            "precision": 0.999809994299829,
            "recall": 0.9996200607902735,
            "f1-score": 0.999715018523796,
            "support": 5264.0
        },
        "1": {
            "precision": 0.9980897803247374,
            "recall": 0.9990439770554493,
            "f1-score": 0.9985666507405638,
            "support": 1046.0
        },
        "accuracy": 0.9995245641838352,
        "macro avg": {
            "precision": 0.9989498873122832,
            "recall": 0.9993320189228614,
            "f1-score": 0.99914083463218,
            "support": 6310.0
        },
        "weighted avg": {
            "precision": 0.999524836800947,
            "recall": 0.9995245641838352,
            "f1-score": 0.9995246551796977,
            "support": 6310.0
        }
    },
    "auc_roc": 0.9999977298087372,
    "hpc_train_time": 0.6882266998291016,
    "model_params": {
        "bootstrap": true,
        "ccp_alpha": 0.0,
        "class_weight": null,
        "criterion": "gini",
        "max_depth": 12,
        "max_features": "sqrt",
        "max_leaf_nodes": null,
        "max_samples": null,
        "min_impurity_decrease": 0.0,
        "min_samples_leaf": 1,
        "min_samples_split": 2,
        "min_weight_fraction_leaf": 0.0,
        "monotonic_cst": null,
        "n_estimators": 100,
        "n_jobs": -1,
        "oob_score": false,
        "random_state": 42,
        "verbose": 0,
        "warm_start": false
    }
}