{
    "schema_version": 2,
    "metadata": {
        "report_id": "REP-f8da0916",
        "timestamp": "2026-05-01 00:28:45",
        "model_name": "Random Forest Classifier",
        "parameters": {
            "n_estimators": 100,
            "max_depth": 12,
            "n_jobs": -1,
            "random_state": 42
        }
    },
    "dataset": {
        "total_rows": 58047,
        "class_distribution": {
            "0": 29231,
            "1": 28816
        },
        "train_size": 46437,
        "test_size": 11610
    },
    "hpc_performance": {
        "time_seq": 0.004784416000006786,
        "time_par": 1.5340823600000135,
        "speedup": 0.003118747809607004,
        "efficiency": 0.000779686952401751,
        "num_workers": 4
    },
    "model_performance": {
        "train": {
            "accuracy": 0.9998492581346771,
            "precision": 0.9999132321041215,
            "recall": 0.9997831084891338,
            "f1_score": 0.999848166062946,
            "roc_auc": 0.9999999758844541
        },
        "test": {
            "accuracy": 0.999052540913006,
            "precision": 0.9996525364836693,
            "recall": 0.9984383133784487,
            "f1_score": 0.9990450559944439,
            "roc_auc": 0.9999528285942466
        },
        "cv": {
            "cv_recall_mean": 0.998481740589207,
            "cv_recall_std": 0.00047524736671263366,
            "cv_folds": 5
        }
    }
}